nama apple,harga apple 
Apple iPad Pro 12.9 (2022),Rp 25.999.000 (8/128 GB)
Apple iPad Pro 11 (2022),Rp 14.999.000 (8/128 GB)
Apple iPad (2022),Rp 11.499.000 (4/64 GB)
Apple iPhone 14 Pro,Rp 17.999.000 (6/128 GB)
Apple iPhone 14 Pro Max,Rp 19.799.000 (6/128 GB)
Apple iPhone 14 Plus,Rp 15.999.000 (6/128 GB)
Apple iPhone 14,Rp 13.999.000 (6/128 GB)
Apple iPad Air (2022),Rp 9.499.000 (4/64 GB)
Apple iPhone SE (2022),Rp 9.499.000 (4/128 GB)
Apple iPhone 11,Rp 7.499.000 (4/64 GB)
Apple iPhone 12,Rp 10.659.000 (4/64 GB)
Apple iPad 10.2 (2021),Rp 4.999.000 (3/64 GB)
Apple iPhone 13,Rp 12.499.000 (4/128 GB)
Apple iPhone 13 Pro,Rp 16.999.000 (4/128 GB)
Apple iPhone 13 Pro Max,Rp 20.499.000 (6/256 GB)
